<?xml version="1.0" encoding="UTF-8"?>
<project xmlns="http://maven.apache.org/POM/4.0.0"
    xmlns:xsi="http://www.w3.org/2001/XMLSchema-instance" xsi:schemaLocation="http://maven.apache.org/POM/4.0.0 http://maven.apache.org/xsd/maven-4.0.0.xsd">
    <modelVersion>4.0.0</modelVersion>

    <parent>
        <groupId>org.springframework.boot</groupId>
        <artifactId>spring-boot-starter-parent</artifactId>
        <version>3.0.2</version>
        <relativePath/>
        <!-- lookup parent from repository -->
    </parent>

    <groupId>cn.edu.xmu</groupId>
    <artifactId>oomall</artifactId>
    <version>0.0.1-SNAPSHOT</version>

    <name>oomall</name>
    <description>the tutorial project for course "SE", "OOAD" and "JavaEE" in Informatics School Xiamen University
    </description>
    <packaging>pom</packaging>

    <properties>
        <project.build.sourceEncoding>UTF-8</project.build.sourceEncoding>
        <project.reporting.outputEncoding>UTF-8</project.reporting.outputEncoding>
        <java.version>17</java.version>
        <argLine>-Dfile.encoding=UTF-8</argLine>
        <fasterxml.version>2.14.0-rc1</fasterxml.version>
        <generator.version>1.4.1</generator.version>
        <alibaba.version>2022.0.0.0-RC2</alibaba.version>
        <spring.version>6.1.0</spring.version>
        <spring.boot.version>3.0.2</spring.boot.version>
        <spring.cloud.version>2022.0.0-RC2</spring.cloud.version>
    </properties>

    <modules>
        <module>core</module>
<!--        <module>payment</module>
        <module>shop</module>
        <module>product</module>
        <module>prodorder</module>
        <module>gateway</module>
        <module>alipay</module>
        <module>wechatpay</module>
        <module>region</module>
        <module>freight</module>-->
    </modules>

    <dependencyManagement>
        <dependencies>
            <dependency>
                <groupId>cn.edu.xmu.javaee</groupId>
                <artifactId>core</artifactId>
                <version>0.0.3-SNAPSHOT</version>
            </dependency>


            <dependency>
                <groupId>org.springframework.boot</groupId>
                <artifactId>spring-boot-starter-web</artifactId>
                <version>${spring.boot.version}</version>

            </dependency>

            <dependency>
                <groupId>org.springframework.boot</groupId>
                <artifactId>spring-boot-starter-validation</artifactId>
                <version>${spring.boot.version}</version>
            </dependency>

            <dependency>
                <groupId>org.springframework.boot</groupId>
                <artifactId>spring-boot-starter-data-redis</artifactId>
                <version>${spring.boot.version}</version>
            </dependency>

            <dependency>
                <groupId>org.springframework.boot</groupId>
                <artifactId>spring-boot-starter-data-jpa</artifactId>
                <version>${spring.boot.version}</version>
            </dependency>

            <dependency>
                <groupId>org.springframework.boot</groupId>
                <artifactId>spring-boot-starter-data-mongodb</artifactId>
                <version>${spring.boot.version}</version>
            </dependency>

            <dependency>
                <groupId>org.springframework.boot</groupId>
                <artifactId>spring-boot-starter-aop</artifactId>
                <version>${spring.boot.version}</version>
            </dependency>
            <dependency>
                <groupId>org.springframework.boot</groupId>
                <artifactId>spring-boot-starter-test</artifactId>
                <version>${spring.boot.version}</version>
                <scope>test</scope>
            </dependency>

            <dependency>
                <groupId>org.springframework.boot</groupId>
                <artifactId>spring-boot-starter-mail</artifactId>
                <version>${spring.boot.version}</version>
            </dependency>

            <dependency>
                <groupId>org.springframework.boot</groupId>
                <artifactId>spring-boot-starter-webflux</artifactId>
                <version>${spring.boot.version}</version>
            </dependency>

            <dependency>
                <groupId>org.springframework.cloud</groupId>
                <artifactId>spring-cloud-starter-gateway</artifactId>
                <version>4.0.0-RC2</version>
            </dependency>

            <dependency>
                <groupId>org.projectlombok</groupId>
                <artifactId>lombok</artifactId>
                <version>1.18.30</version>
                <scope>provided</scope>
            </dependency>
            <dependency>
                <groupId>com.fasterxml.jackson.datatype</groupId>
                <artifactId>jackson-datatype-jsr310</artifactId>
                <version>${fasterxml.version}</version>
            </dependency>
            <dependency>
                <groupId>com.fasterxml.jackson.datatype</groupId>
                <artifactId>jackson-datatype-jdk8</artifactId>
                <version>${fasterxml.version}</version>
            </dependency>
            <dependency>
                <groupId>com.github.pagehelper</groupId>
                <artifactId>pagehelper-spring-boot-starter</artifactId>
                <version>1.4.6</version>
            </dependency>
            <dependency>
                <groupId>com.mysql</groupId>
                <artifactId>mysql-connector-j</artifactId>
                <version>8.2.0</version>
            </dependency>

            <dependency>
                <groupId>org.mybatis.spring.boot</groupId>
                <artifactId>mybatis-spring-boot-starter</artifactId>
                <version>3.0.3</version>
            </dependency>
            <dependency>
                <groupId>com.alibaba</groupId>
                <artifactId>druid-spring-boot-starter</artifactId>
                <version>1.2.13</version>
            </dependency>
            <dependency>
                <groupId>com.auth0</groupId>
                <artifactId>java-jwt</artifactId>
                <version>4.2.0</version>
            </dependency>
            <dependency>
                <groupId>org.apache.rocketmq</groupId>
                <artifactId>rocketmq-spring-boot-starter</artifactId>
                <version>2.2.0</version>
            </dependency>
            <dependency>
                <groupId>com.alibaba.cloud</groupId>
                <artifactId>spring-cloud-starter-alibaba-nacos-config</artifactId>
                <version>${alibaba.version}</version>
            </dependency>
            <dependency>
                <groupId>com.alibaba.cloud</groupId>
                <artifactId>spring-cloud-starter-alibaba-nacos-discovery</artifactId>
                <version>${alibaba.version}</version>
            </dependency>

            <dependency>
                <groupId>org.springframework.cloud</groupId>
                <artifactId>spring-cloud-openfeign-core</artifactId>
                <!--                <version>${spring.cloud.version}</version>-->
                <version>4.0.0-RC2</version>
            </dependency>

            <dependency>
                <groupId>org.springframework.cloud</groupId>
                <artifactId>spring-cloud-starter-openfeign</artifactId>
                <version>4.0.0-RC2</version>
            </dependency>


            <dependency>
                <groupId>org.springframework.cloud</groupId>
                <artifactId>spring-cloud-starter-loadbalancer</artifactId>
                <version>4.0.0-RC2</version>
            </dependency>

            <dependency>
                <groupId>org.springframework.cloud</groupId>
                <artifactId>spring-cloud-starter-bootstrap</artifactId>
                <version>4.0.0-RC2</version>
            </dependency>
            <dependency>
                <groupId>com.squareup</groupId>
                <artifactId>javapoet</artifactId>
                <version>1.13.0</version>
            </dependency>
            <dependency>
                <groupId>com.google.auto.service</groupId>
                <artifactId>auto-service</artifactId>
                <version>1.0.1</version>
            </dependency>
        </dependencies>
    </dependencyManagement>

    <build>
        <plugins>
            <plugin>
                <groupId>org.jacoco</groupId>
                <artifactId>jacoco-maven-plugin</artifactId>
                <version>0.8.8</version>
                <executions>
                    <execution>
                        <id>prepare-agent</id>
                        <goals>
                            <goal>prepare-agent</goal>
                        </goals>
                    </execution>
                    <execution>
                        <id>post-unit-test</id>
                        <phase>test</phase>
                        <goals>
                            <goal>report</goal>
                        </goals>
                        <configuration>
                            <dataFile>target/jacoco.exec</dataFile>
                            <outputDirectory>target/site/jacoco</outputDirectory>
                        </configuration>
                    </execution>
                </executions>
            </plugin>

            <plugin>
                <groupId>org.apache.maven.plugins</groupId>
                <artifactId>maven-compiler-plugin</artifactId>
                <configuration>
                    <source>${java.version}</source>
                    <target>${java.version}</target>
                </configuration>
            </plugin>

        </plugins>
        <pluginManagement>
            <plugins>
                <plugin>
                    <groupId>org.apache.maven.plugins</groupId>
                    <artifactId>maven-site-plugin</artifactId>
                    <version>4.0.0-M4</version>
                </plugin>

                <plugin>
                    <groupId>org.apache.maven.plugins</groupId>
                    <artifactId>maven-project-info-reports-plugin</artifactId>
                    <version>3.1.2</version>
                </plugin>

                <plugin>
                    <groupId>org.apache.maven.plugins</groupId>
                    <artifactId>maven-surefire-report-plugin</artifactId>
                    <version>3.0.0-M7</version>
                </plugin>
            </plugins>
        </pluginManagement>
    </build>

    <reporting>
        <plugins>
            <plugin>
                <groupId>org.apache.maven.plugins</groupId>
                <artifactId>maven-surefire-report-plugin</artifactId>
                <version>3.0.0-M7</version>
                <configuration>
                    <showSuccess>false</showSuccess>
                </configuration>
                <reportSets>
                    <reportSet>
                        <reports>
                            <report>report</report>
                        </reports>
                    </reportSet>
                </reportSets>
            </plugin>
        </plugins>
    </reporting>

    <!--    aliyun的仓库-->
    <repositories>
        <repository>
            <id>thundercloud</id>
            <name>huawei maven mirror</name>
            <url>https://repo.huaweicloud.com/repository/maven/</url>
        </repository>
        <repository>
            <id>central</id>
            <name>aliyah maven central and jcenter</name>
            <url>https://maven.aliyun.com/repository/central</url>
        </repository>

        <repository>
            <id>public</id>
            <name>aliyah maven central and jcenter</name>
            <url>https://maven.aliyun.com/repository/public</url>
        </repository>

        <repository>
            <id>google</id>
            <name>aliyah google</name>
            <url>https://maven.aliyun.com/repository/google</url>
        </repository>
        <repository>
            <id>spring</id>
            <name>aliyah spring</name>
            <url>https://maven.aliyun.com/repository/spring</url>
        </repository>
        <repository>
            <id>spring-plugin</id>
            <name>aliyah spring-plugin</name>
            <url>https://maven.aliyun.com/repository/spring-plugin</url>
        </repository>
        <repository>
            <id>spring-milestones</id>
            <name>Spring Milestones</name>
            <url>https://repo.spring.io/milestone</url>
            <snapshots>
                <enabled>false</enabled>
            </snapshots>
        </repository>
    </repositories>

</project>