<?xml version="1.0" encoding="UTF-8"?>
<!DOCTYPE mapper PUBLIC "-//mybatis.org//DTD Mapper 3.0//EN" "http://mybatis.org/dtd/mybatis-3-mapper.dtd">
<mapper namespace="cn.edu.xmu.webfluxdemo.mapper.FlashSaleItemPoMapper">
  <resultMap id="BaseResultMap" type="cn.edu.xmu.webfluxdemo.model.po.FlashSaleItemPo">
    <!--
      WARNING - @mbg.generated
      This element is automatically generated by MyBatis Generator, do not modify.
    -->
    <id column="id" jdbcType="BIGINT" property="id" />
    <result column="sale_id" jdbcType="BIGINT" property="saleId" />
    <result column="goods_sku_id" jdbcType="BIGINT" property="goodsSkuId" />
    <result column="price" jdbcType="BIGINT" property="price" />
    <result column="quantity" jdbcType="INTEGER" property="quantity" />
    <result column="gmt_create" jdbcType="TIMESTAMP" property="gmtCreate" />
    <result column="gmt_modified" jdbcType="TIMESTAMP" property="gmtModified" />
  </resultMap>
  <sql id="Example_Where_Clause">
    <!--
      WARNING - @mbg.generated
      This element is automatically generated by MyBatis Generator, do not modify.
    -->
    <where>
      <foreach collection="oredCriteria" item="criteria" separator="or">
        <if test="criteria.valid">
          <trim prefix="(" prefixOverrides="and" suffix=")">
            <foreach collection="criteria.criteria" item="criterion">
              <choose>
                <when test="criterion.noValue">
                  and ${criterion.condition}
                </when>
                <when test="criterion.singleValue">
                  and ${criterion.condition} #{criterion.value}
                </when>
                <when test="criterion.betweenValue">
                  and ${criterion.condition} #{criterion.value} and #{criterion.secondValue}
                </when>
                <when test="criterion.listValue">
                  and ${criterion.condition}
                  <foreach close=")" collection="criterion.value" item="listItem" open="(" separator=",">
                    #{listItem}
                  </foreach>
                </when>
              </choose>
            </foreach>
          </trim>
        </if>
      </foreach>
    </where>
  </sql>
  <sql id="Base_Column_List">
    <!--
      WARNING - @mbg.generated
      This element is automatically generated by MyBatis Generator, do not modify.
    -->
    id, sale_id, goods_sku_id, price, quantity, gmt_create, gmt_modified
  </sql>
  <select id="selectByExample" parameterType="cn.edu.xmu.webfluxdemo.model.po.FlashSaleItemPoExample" resultMap="BaseResultMap">
    <!--
      WARNING - @mbg.generated
      This element is automatically generated by MyBatis Generator, do not modify.
    -->
    select
    <if test="distinct">
      distinct
    </if>
    'false' as QUERYID,
    <include refid="Base_Column_List" />
    from good_flash_sale_item
    <if test="_parameter != null">
      <include refid="Example_Where_Clause" />
    </if>
    <if test="orderByClause != null">
      order by ${orderByClause}
    </if>
  </select>
  <select id="selectByPrimaryKey" parameterType="java.lang.Long" resultMap="BaseResultMap">
    <!--
      WARNING - @mbg.generated
      This element is automatically generated by MyBatis Generator, do not modify.
    -->
    select 
    <include refid="Base_Column_List" />
    from good_flash_sale_item
    where id = #{id,jdbcType=BIGINT}
  </select>
  <delete id="deleteByPrimaryKey" parameterType="java.lang.Long">
    <!--
      WARNING - @mbg.generated
      This element is automatically generated by MyBatis Generator, do not modify.
    -->
    delete from good_flash_sale_item
    where id = #{id,jdbcType=BIGINT}
  </delete>
  <insert id="insert" parameterType="cn.edu.xmu.webfluxdemo.model.po.FlashSaleItemPo">
    <!--
      WARNING - @mbg.generated
      This element is automatically generated by MyBatis Generator, do not modify.
    -->
    <selectKey keyProperty="id" order="AFTER" resultType="java.lang.Long">
      SELECT LAST_INSERT_ID()
    </selectKey>
    insert into good_flash_sale_item (sale_id, goods_sku_id, price, 
      quantity, gmt_create, gmt_modified
      )
    values (#{saleId,jdbcType=BIGINT}, #{goodsSkuId,jdbcType=BIGINT}, #{price,jdbcType=BIGINT}, 
      #{quantity,jdbcType=INTEGER}, #{gmtCreate,jdbcType=TIMESTAMP}, #{gmtModified,jdbcType=TIMESTAMP}
      )
  </insert>
  <insert id="insertSelective" parameterType="cn.edu.xmu.webfluxdemo.model.po.FlashSaleItemPo">
    <!--
      WARNING - @mbg.generated
      This element is automatically generated by MyBatis Generator, do not modify.
    -->
    <selectKey keyProperty="id" order="AFTER" resultType="java.lang.Long">
      SELECT LAST_INSERT_ID()
    </selectKey>
    insert into good_flash_sale_item
    <trim prefix="(" suffix=")" suffixOverrides=",">
      <if test="saleId != null">
        sale_id,
      </if>
      <if test="goodsSkuId != null">
        goods_sku_id,
      </if>
      <if test="price != null">
        price,
      </if>
      <if test="quantity != null">
        quantity,
      </if>
      <if test="gmtCreate != null">
        gmt_create,
      </if>
      <if test="gmtModified != null">
        gmt_modified,
      </if>
    </trim>
    <trim prefix="values (" suffix=")" suffixOverrides=",">
      <if test="saleId != null">
        #{saleId,jdbcType=BIGINT},
      </if>
      <if test="goodsSkuId != null">
        #{goodsSkuId,jdbcType=BIGINT},
      </if>
      <if test="price != null">
        #{price,jdbcType=BIGINT},
      </if>
      <if test="quantity != null">
        #{quantity,jdbcType=INTEGER},
      </if>
      <if test="gmtCreate != null">
        #{gmtCreate,jdbcType=TIMESTAMP},
      </if>
      <if test="gmtModified != null">
        #{gmtModified,jdbcType=TIMESTAMP},
      </if>
    </trim>
  </insert>
  <update id="updateByPrimaryKeySelective" parameterType="cn.edu.xmu.webfluxdemo.model.po.FlashSaleItemPo">
    <!--
      WARNING - @mbg.generated
      This element is automatically generated by MyBatis Generator, do not modify.
    -->
    update good_flash_sale_item
    <set>
      <if test="saleId != null">
        sale_id = #{saleId,jdbcType=BIGINT},
      </if>
      <if test="goodsSkuId != null">
        goods_sku_id = #{goodsSkuId,jdbcType=BIGINT},
      </if>
      <if test="price != null">
        price = #{price,jdbcType=BIGINT},
      </if>
      <if test="quantity != null">
        quantity = #{quantity,jdbcType=INTEGER},
      </if>
      <if test="gmtCreate != null">
        gmt_create = #{gmtCreate,jdbcType=TIMESTAMP},
      </if>
      <if test="gmtModified != null">
        gmt_modified = #{gmtModified,jdbcType=TIMESTAMP},
      </if>
    </set>
    where id = #{id,jdbcType=BIGINT}
  </update>
  <update id="updateByPrimaryKey" parameterType="cn.edu.xmu.webfluxdemo.model.po.FlashSaleItemPo">
    <!--
      WARNING - @mbg.generated
      This element is automatically generated by MyBatis Generator, do not modify.
    -->
    update good_flash_sale_item
    set sale_id = #{saleId,jdbcType=BIGINT},
      goods_sku_id = #{goodsSkuId,jdbcType=BIGINT},
      price = #{price,jdbcType=BIGINT},
      quantity = #{quantity,jdbcType=INTEGER},
      gmt_create = #{gmtCreate,jdbcType=TIMESTAMP},
      gmt_modified = #{gmtModified,jdbcType=TIMESTAMP}
    where id = #{id,jdbcType=BIGINT}
  </update>
</mapper>