<?xml version="1.0" encoding="UTF-8"?>
<!DOCTYPE mapper PUBLIC "-//mybatis.org//DTD Mapper 3.0//EN" "http://mybatis.org/dtd/mybatis-3-mapper.dtd">
<mapper namespace="cn.edu.xmu.webfluxdemo.mapper.GoodsSkuPoMapper">
  <resultMap id="BaseResultMap" type="cn.edu.xmu.webfluxdemo.model.po.GoodsSkuPo">
    <!--
      WARNING - @mbg.generated
      This element is automatically generated by MyBatis Generator, do not modify.
    -->
    <id column="id" jdbcType="BIGINT" property="id" />
    <result column="goods_spu_id" jdbcType="BIGINT" property="goodsSpuId" />
    <result column="sku_sn" jdbcType="VARCHAR" property="skuSn" />
    <result column="name" jdbcType="VARCHAR" property="name" />
    <result column="original_price" jdbcType="BIGINT" property="originalPrice" />
    <result column="configuration" jdbcType="VARCHAR" property="configuration" />
    <result column="weight" jdbcType="BIGINT" property="weight" />
    <result column="image_url" jdbcType="VARCHAR" property="imageUrl" />
    <result column="inventory" jdbcType="INTEGER" property="inventory" />
    <result column="detail" jdbcType="VARCHAR" property="detail" />
    <result column="disabled" jdbcType="TINYINT" property="disabled" />
    <result column="gmt_create" jdbcType="TIMESTAMP" property="gmtCreate" />
    <result column="gmt_modified" jdbcType="TIMESTAMP" property="gmtModified" />
  </resultMap>
  <sql id="Example_Where_Clause">
    <!--
      WARNING - @mbg.generated
      This element is automatically generated by MyBatis Generator, do not modify.
    -->
    <where>
      <foreach collection="oredCriteria" item="criteria" separator="or">
        <if test="criteria.valid">
          <trim prefix="(" prefixOverrides="and" suffix=")">
            <foreach collection="criteria.criteria" item="criterion">
              <choose>
                <when test="criterion.noValue">
                  and ${criterion.condition}
                </when>
                <when test="criterion.singleValue">
                  and ${criterion.condition} #{criterion.value}
                </when>
                <when test="criterion.betweenValue">
                  and ${criterion.condition} #{criterion.value} and #{criterion.secondValue}
                </when>
                <when test="criterion.listValue">
                  and ${criterion.condition}
                  <foreach close=")" collection="criterion.value" item="listItem" open="(" separator=",">
                    #{listItem}
                  </foreach>
                </when>
              </choose>
            </foreach>
          </trim>
        </if>
      </foreach>
    </where>
  </sql>
  <sql id="Base_Column_List">
    <!--
      WARNING - @mbg.generated
      This element is automatically generated by MyBatis Generator, do not modify.
    -->
    id, goods_spu_id, sku_sn, name, original_price, configuration, weight, image_url, 
    inventory, detail, disabled, gmt_create, gmt_modified
  </sql>
  <select id="selectByExample" parameterType="cn.edu.xmu.webfluxdemo.model.po.GoodsSkuPoExample" resultMap="BaseResultMap">
    <!--
      WARNING - @mbg.generated
      This element is automatically generated by MyBatis Generator, do not modify.
    -->
    select
    <if test="distinct">
      distinct
    </if>
    'false' as QUERYID,
    <include refid="Base_Column_List" />
    from good_goods_sku
    <if test="_parameter != null">
      <include refid="Example_Where_Clause" />
    </if>
    <if test="orderByClause != null">
      order by ${orderByClause}
    </if>
  </select>
  <select id="selectByPrimaryKey" parameterType="java.lang.Long" resultMap="BaseResultMap">
    <!--
      WARNING - @mbg.generated
      This element is automatically generated by MyBatis Generator, do not modify.
    -->
    select 
    <include refid="Base_Column_List" />
    from good_goods_sku
    where id = #{id,jdbcType=BIGINT}
  </select>
  <delete id="deleteByPrimaryKey" parameterType="java.lang.Long">
    <!--
      WARNING - @mbg.generated
      This element is automatically generated by MyBatis Generator, do not modify.
    -->
    delete from good_goods_sku
    where id = #{id,jdbcType=BIGINT}
  </delete>
  <insert id="insert" parameterType="cn.edu.xmu.webfluxdemo.model.po.GoodsSkuPo">
    <!--
      WARNING - @mbg.generated
      This element is automatically generated by MyBatis Generator, do not modify.
    -->
    <selectKey keyProperty="id" order="AFTER" resultType="java.lang.Long">
      SELECT LAST_INSERT_ID()
    </selectKey>
    insert into good_goods_sku (goods_spu_id, sku_sn, name, 
      original_price, configuration, weight, 
      image_url, inventory, detail, 
      disabled, gmt_create, gmt_modified
      )
    values (#{goodsSpuId,jdbcType=BIGINT}, #{skuSn,jdbcType=VARCHAR}, #{name,jdbcType=VARCHAR}, 
      #{originalPrice,jdbcType=BIGINT}, #{configuration,jdbcType=VARCHAR}, #{weight,jdbcType=BIGINT}, 
      #{imageUrl,jdbcType=VARCHAR}, #{inventory,jdbcType=INTEGER}, #{detail,jdbcType=VARCHAR}, 
      #{disabled,jdbcType=TINYINT}, #{gmtCreate,jdbcType=TIMESTAMP}, #{gmtModified,jdbcType=TIMESTAMP}
      )
  </insert>
  <insert id="insertSelective" parameterType="cn.edu.xmu.webfluxdemo.model.po.GoodsSkuPo">
    <!--
      WARNING - @mbg.generated
      This element is automatically generated by MyBatis Generator, do not modify.
    -->
    <selectKey keyProperty="id" order="AFTER" resultType="java.lang.Long">
      SELECT LAST_INSERT_ID()
    </selectKey>
    insert into good_goods_sku
    <trim prefix="(" suffix=")" suffixOverrides=",">
      <if test="goodsSpuId != null">
        goods_spu_id,
      </if>
      <if test="skuSn != null">
        sku_sn,
      </if>
      <if test="name != null">
        name,
      </if>
      <if test="originalPrice != null">
        original_price,
      </if>
      <if test="configuration != null">
        configuration,
      </if>
      <if test="weight != null">
        weight,
      </if>
      <if test="imageUrl != null">
        image_url,
      </if>
      <if test="inventory != null">
        inventory,
      </if>
      <if test="detail != null">
        detail,
      </if>
      <if test="disabled != null">
        disabled,
      </if>
      <if test="gmtCreate != null">
        gmt_create,
      </if>
      <if test="gmtModified != null">
        gmt_modified,
      </if>
    </trim>
    <trim prefix="values (" suffix=")" suffixOverrides=",">
      <if test="goodsSpuId != null">
        #{goodsSpuId,jdbcType=BIGINT},
      </if>
      <if test="skuSn != null">
        #{skuSn,jdbcType=VARCHAR},
      </if>
      <if test="name != null">
        #{name,jdbcType=VARCHAR},
      </if>
      <if test="originalPrice != null">
        #{originalPrice,jdbcType=BIGINT},
      </if>
      <if test="configuration != null">
        #{configuration,jdbcType=VARCHAR},
      </if>
      <if test="weight != null">
        #{weight,jdbcType=BIGINT},
      </if>
      <if test="imageUrl != null">
        #{imageUrl,jdbcType=VARCHAR},
      </if>
      <if test="inventory != null">
        #{inventory,jdbcType=INTEGER},
      </if>
      <if test="detail != null">
        #{detail,jdbcType=VARCHAR},
      </if>
      <if test="disabled != null">
        #{disabled,jdbcType=TINYINT},
      </if>
      <if test="gmtCreate != null">
        #{gmtCreate,jdbcType=TIMESTAMP},
      </if>
      <if test="gmtModified != null">
        #{gmtModified,jdbcType=TIMESTAMP},
      </if>
    </trim>
  </insert>
  <update id="updateByPrimaryKeySelective" parameterType="cn.edu.xmu.webfluxdemo.model.po.GoodsSkuPo">
    <!--
      WARNING - @mbg.generated
      This element is automatically generated by MyBatis Generator, do not modify.
    -->
    update good_goods_sku
    <set>
      <if test="goodsSpuId != null">
        goods_spu_id = #{goodsSpuId,jdbcType=BIGINT},
      </if>
      <if test="skuSn != null">
        sku_sn = #{skuSn,jdbcType=VARCHAR},
      </if>
      <if test="name != null">
        name = #{name,jdbcType=VARCHAR},
      </if>
      <if test="originalPrice != null">
        original_price = #{originalPrice,jdbcType=BIGINT},
      </if>
      <if test="configuration != null">
        configuration = #{configuration,jdbcType=VARCHAR},
      </if>
      <if test="weight != null">
        weight = #{weight,jdbcType=BIGINT},
      </if>
      <if test="imageUrl != null">
        image_url = #{imageUrl,jdbcType=VARCHAR},
      </if>
      <if test="inventory != null">
        inventory = #{inventory,jdbcType=INTEGER},
      </if>
      <if test="detail != null">
        detail = #{detail,jdbcType=VARCHAR},
      </if>
      <if test="disabled != null">
        disabled = #{disabled,jdbcType=TINYINT},
      </if>
      <if test="gmtCreate != null">
        gmt_create = #{gmtCreate,jdbcType=TIMESTAMP},
      </if>
      <if test="gmtModified != null">
        gmt_modified = #{gmtModified,jdbcType=TIMESTAMP},
      </if>
    </set>
    where id = #{id,jdbcType=BIGINT}
  </update>
  <update id="updateByPrimaryKey" parameterType="cn.edu.xmu.webfluxdemo.model.po.GoodsSkuPo">
    <!--
      WARNING - @mbg.generated
      This element is automatically generated by MyBatis Generator, do not modify.
    -->
    update good_goods_sku
    set goods_spu_id = #{goodsSpuId,jdbcType=BIGINT},
      sku_sn = #{skuSn,jdbcType=VARCHAR},
      name = #{name,jdbcType=VARCHAR},
      original_price = #{originalPrice,jdbcType=BIGINT},
      configuration = #{configuration,jdbcType=VARCHAR},
      weight = #{weight,jdbcType=BIGINT},
      image_url = #{imageUrl,jdbcType=VARCHAR},
      inventory = #{inventory,jdbcType=INTEGER},
      detail = #{detail,jdbcType=VARCHAR},
      disabled = #{disabled,jdbcType=TINYINT},
      gmt_create = #{gmtCreate,jdbcType=TIMESTAMP},
      gmt_modified = #{gmtModified,jdbcType=TIMESTAMP}
    where id = #{id,jdbcType=BIGINT}
  </update>
</mapper>