<?xml version="1.0" encoding="UTF-8"?>
<configuration debug="false">

    <property name="LOG_HOME" value="logs" />
    <property name="PROJECT_NAME" value="gateway" />

    <!-- 控制台输出 -->
    <appender name="STDOUT" class="ch.qos.logback.core.ConsoleAppender">
        <encoder class="ch.qos.logback.classic.encoder.PatternLayoutEncoder">
            <!--格式化输出：%d表示日期，%thread表示线程名，%-5level：级别从左显示5个字符宽度%msg：日志消息，%n是换行符-->
            <pattern>%d{yyyy-MM-dd HH:mm:ss.SSS} [%thread] %-5level %logger{50} - %msg%n</pattern>
            <charset>UTF-8</charset>
        </encoder>
    </appender>
    <!-- 按照每天生成日志文件 -->
    <appender name="FILE" class="ch.qos.logback.core.rolling.RollingFileAppender">
        <rollingPolicy class="ch.qos.logback.core.rolling.TimeBasedRollingPolicy">
            <!--日志文件输出的文件名-->
            <FileNamePattern>${LOG_HOME}/${PROJECT_NAME}.%d{yyyy-MM-dd}.log</FileNamePattern>
            <!--日志文件保留天数-->
            <MaxHistory>30</MaxHistory>
        </rollingPolicy>
        <encoder class="ch.qos.logback.classic.encoder.PatternLayoutEncoder">
            <!--格式化输出：%d表示日期，%thread表示线程名，%-5level：级别从左显示5个字符宽度%msg：日志消息，%n是换行符-->
            <pattern>%d{yyyy-MM-dd HH:mm:ss.SSS} [%thread] %-5level %logger{50} - %msg%n</pattern>
            <charset>UTF-8</charset>
        </encoder>
        <!--日志文件最大的大小-->
        <triggeringPolicy class="ch.qos.logback.core.rolling.SizeBasedTriggeringPolicy">
            <MaxFileSize>10MB</MaxFileSize>
        </triggeringPolicy>
    </appender>

    <appender name="accessLog" class="ch.qos.logback.core.FileAppender">
        <file>access_log.log</file>
        <encoder>
            <pattern>%msg%n</pattern>
        </encoder>
    </appender>
    <appender name="async" class="ch.qos.logback.classic.AsyncAppender">
        <appender-ref ref="accessLog" />
    </appender>

    <logger name="reactor.netty.http.server.AccessLog" level="INFO" additivity="false">
        <appender-ref ref="async"/>
    </logger>

    <!-- 日志输出级别 -->
    <logger name="cn.edu.xmu.oomall.gateway" level = "DEBUG"/>
    <logger name="org.springframework.cloud.gateway" level = "DEBUG"/>
    <root level="INFO">
        <appender-ref ref="STDOUT" />
        <appender-ref ref="FILE" />
    </root>
</configuration>