<?xml version="1.0" encoding="UTF-8"?>
<GenRun Id="synth_1" LaunchPart="xc7a75tfgg484-1" LaunchTime="1703416727">
  <File Type="PA-TCL" Name="MUX_74153_exe.tcl"/>
  <File Type="RDS-PROPCONSTRS" Name="MUX_74153_exe_drc_synth.rpt"/>
  <File Type="REPORTS-TCL" Name="MUX_74153_exe_reports.tcl"/>
  <File Type="RDS-RDS" Name="MUX_74153_exe.vds"/>
  <File Type="RDS-UTIL" Name="MUX_74153_exe_utilization_synth.rpt"/>
  <File Type="RDS-UTIL-PB" Name="MUX_74153_exe_utilization_synth.pb"/>
  <File Type="RDS-DCP" Name="MUX_74153_exe.dcp"/>
  <File Type="VDS-TIMINGSUMMARY" Name="MUX_74153_exe_timing_summary_synth.rpt"/>
  <File Type="VDS-TIMING-PB" Name="MUX_74153_exe_timing_summary_synth.pb"/>
  <FileSet Name="sources" Type="DesignSrcs" RelSrcDir="$PSRCDIR/sources_1">
    <Filter Type="Srcs"/>
    <File Path="$PSRCDIR/sources_1/imports/example/74153_ACE1.v">
      <FileInfo>
        <Attr Name="ImportPath" Val="$PPRDIR/../../example/74153_ACE1.v"/>
        <Attr Name="ImportTime" Val="1703416646"/>
        <Attr Name="UsedIn" Val="synthesis"/>
        <Attr Name="UsedIn" Val="implementation"/>
        <Attr Name="UsedIn" Val="simulation"/>
      </FileInfo>
    </File>
    <Config>
      <Option Name="DesignMode" Val="RTL"/>
      <Option Name="TopModule" Val="MUX_74153_exe"/>
      <Option Name="TopAutoSet" Val="TRUE"/>
    </Config>
  </FileSet>
  <FileSet Name="constrs_in" Type="Constrs" RelSrcDir="$PSRCDIR/constrs_1">
    <Filter Type="Constrs"/>
    <File Path="$PPRDIR/../../example/ACE1.xdc">
      <FileInfo>
        <Attr Name="UsedIn" Val="synthesis"/>
        <Attr Name="UsedIn" Val="implementation"/>
      </FileInfo>
    </File>
    <Config>
      <Option Name="ConstrsType" Val="XDC"/>
    </Config>
  </FileSet>
  <FileSet Name="utils" Type="Utils" RelSrcDir="$PSRCDIR/utils_1">
    <Filter Type="Utils"/>
    <Config>
      <Option Name="TopAutoSet" Val="TRUE"/>
    </Config>
  </FileSet>
  <Strategy Version="1" Minor="2">
    <StratHandle Name="Vivado Synthesis Defaults" Flow="Vivado Synthesis 2019"/>
    <Step Id="synth_design"/>
  </Strategy>
</GenRun>
